{
    "structure": "1A2K",
    "selection": [
        "B",
        "A"
    ],
    "temp": 25.0,
    "ICs": 67,
    "nis_a": 41.77215189873418,
    "nis_c": 26.582278481012658,
    "nis_p": 31.645569620253166,
    "ba_val": -9.04545164556962,
    "kd_val": 2.318505915394304e-07,
    "total_asa": 0,
    "total_bsa": 0,
    "AA": 25,
    "PP": 2,
    "CC": 5,
    "AP": 11,
    "CP": 4,
    "AC": 20
}