{
    "structure": "3i40",
    "selection": [
        "A",
        "B"
    ],
    "temp": 25.0,
    "ICs": 75,
    "nis_a": 39.53488372093023,
    "nis_c": 13.953488372093023,
    "nis_p": 46.51162790697674,
    "ba_val": -11.415341627906978,
    "kd_val": 4.235514936410264e-09,
    "total_asa": 0,
    "total_bsa": 0,
    "AA": 41,
    "PP": 2,
    "CC": 1,
    "AP": 18,
    "CP": 3,
    "AC": 10
}